Col0_Fisso,Col1_Fisso,Col0_Riga,Col1_Riga,ValoreAllineamento,Allineamento_Fisso,Allineamento_Riga
SequenzaFissa,SequenzaFissa,Escherichia coli,4v6t,4,"(((,0) <-> (),7)),(((,1) <-> (),4)),(((,2) <-> (),3)),(((,5) <-> (),6))","(((,37) <-> (),46)),(((,38) <-> (),45)),(((,39) <-> (),44)),(((,40) <-> (),43))"
SequenzaFissa,SequenzaFissa,Mycobacterium smegmatis,5zey,4,"(((,0) <-> (),7)),(((,1) <-> (),4)),(((,2) <-> (),3)),(((,5) <-> (),6))","(((,3) <-> (),16)),(((,4) <-> (),15)),(((,5) <-> (),6)),(((,7) <-> (),9))"
SequenzaFissa,SequenzaFissa,Thermus thermophilus,6q95,4,"(((,0) <-> (),7)),(((,1) <-> (),4)),(((,2) <-> (),3)),(((,5) <-> (),6))","(((,16) <-> (),24)),(((,17) <-> (),23)),(((,18) <-> (),22)),(((,19) <-> (),21))"
SequenzaFissa,SequenzaFissa,Escherichia coli,6q97,4,"(((,0) <-> (),7)),(((,1) <-> (),4)),(((,2) <-> (),3)),(((,5) <-> (),6))","(((,14) <-> (),17)),(((,15) <-> (),16)),(((,19) <-> (),23)),(((,20) <-> (),22))"
SequenzaFissa,SequenzaFissa,Escherichia coli,6q98,4,"(((,0) <-> (),7)),(((,1) <-> (),4)),(((,2) <-> (),3)),(((,5) <-> (),6))","(((,22) <-> (),31)),(((,23) <-> (),30)),(((,24) <-> (),29)),(((,25) <-> (),28))"
SequenzaFissa,SequenzaFissa,Escherichia coli,6q9a,4,"(((,0) <-> (),7)),(((,1) <-> (),4)),(((,2) <-> (),3)),(((,5) <-> (),6))","(((,13) <-> (),14)),(((,17) <-> (),23)),(((,18) <-> (),22)),(((,19) <-> (),21))"
SequenzaFissa,SequenzaFissa,--,2czj,4,"(((,0) <-> (),7)),(((,1) <-> (),4)),(((,2) <-> (),3)),(((,5) <-> (),6))","(((,0) <-> (),11)),(((,1) <-> (),8)),(((,2) <-> (),5)),(((,3) <-> (),4))"
SequenzaFissa,SequenzaFissa,Thermus thermophilus,3iyq,4,"(((,0) <-> (),7)),(((,1) <-> (),4)),(((,2) <-> (),3)),(((,5) <-> (),6))","(((,28) <-> (),37)),(((,29) <-> (),36)),(((,30) <-> (),35)),(((,31) <-> (),34))"
SequenzaFissa,SequenzaFissa,Thermus thermophilus,3iyr,4,"(((,0) <-> (),7)),(((,1) <-> (),4)),(((,2) <-> (),3)),(((,5) <-> (),6))","(((,13) <-> (),14)),(((,15) <-> (),22)),(((,16) <-> (),21)),(((,17) <-> (),20))"
SequenzaFissa,SequenzaFissa,Escherichia coli,7abz,4,"(((,0) <-> (),7)),(((,1) <-> (),4)),(((,2) <-> (),3)),(((,5) <-> (),6))","(((,8) <-> (),9)),(((,11) <-> (),18)),(((,12) <-> (),17)),(((,13) <-> (),16))"
SequenzaFissa,SequenzaFissa,Escherichia coli,7ac7,4,"(((,0) <-> (),7)),(((,1) <-> (),4)),(((,2) <-> (),3)),(((,5) <-> (),6))","(((,21) <-> (),26)),(((,22) <-> (),25)),(((,23) <-> (),24)),(((,27) <-> (),29))"
SequenzaFissa,SequenzaFissa,Escherichia coli,7acr,4,"(((,0) <-> (),7)),(((,1) <-> (),4)),(((,2) <-> (),3)),(((,5) <-> (),6))","(((,31) <-> (),39)),(((,32) <-> (),38)),(((,33) <-> (),37)),(((,34) <-> (),36))"
