NomeMolecola, ValoreLocalComparison, AllineamentoHotair, AllineamentoMolecola
1na2_Telomerase.bpseq.db.txt,7,"((C,63) <-> (G,85)),((U,64) <-> (A,84)),((G,65) <-> (C,83)),((U,66) <-> (.,-1)),((U,67) <-> (.,-1)),((U,68) <-> (.,-1)),((U,69) <-> (.,-1)),_,_,((U,70) <-> (.,-1)),_,_,((C,71) <-> (.,-1)),((U,72) <-> (.,-1)),((C,73) <-> (.,-1))","((C,3) <-> (G,25)),((U,4) <-> (A,24)),((G,5) <-> (C,23)),((U,6) <-> (.,-1)),((U,7) <-> (.,-1)),((U,8) <-> (.,-1)),((U,9) <-> (.,-1)),((U,10) <-> (A,18)),((C,11) <-> (G,17)),((U,12) <-> (.,-1)),((C,13) <-> (.,-1)),((G,14) <-> (.,-1)),((C,15) <-> (.,-1)),((U,16) <-> (.,-1)),((C,19) <-> (.,-1))"
1q75_Telomerase.bpseq.db.txt,6,"((G,178) <-> (C,194)),((G,179) <-> (C,192)),((C,180) <-> (G,191)),((U,181) <-> (G,190)),((U,182) <-> (A,189)),((C,183) <-> (G,188)),((U,184) <-> (.,-1)),((C,185) <-> (.,-1)),((C,186) <-> (.,-1)),((G,187) <-> (.,-1))","((G,0) <-> (C,14)),((G,1) <-> (C,13)),((C,2) <-> (G,12)),_,((U,3) <-> (A,11)),((C,4) <-> (G,10)),((U,5) <-> (.,-1)),((C,6) <-> (.,-1)),((A,7) <-> (.,-1)),((G,8) <-> (.,-1))"
1ymo_Telomerase.bpseq.db.txt,21,"((C,63) <-> (G,85)),((U,64) <-> (A,84)),((G,65) <-> (C,83)),((U,66) <-> (.,-1)),((U,67) <-> (.,-1)),((U,68) <-> (.,-1)),((U,69) <-> (.,-1)),((U,70) <-> (.,-1)),((C,71) <-> (.,-1)),((U,72) <-> (.,-1)),((C,73) <-> (.,-1)),((G,74) <-> (C,135)),((C,75) <-> (G,134)),((U,76) <-> (A,133)),((G,77) <-> (C,132)),((A,78) <-> (U,131)),((C,79) <-> (G,130)),((U,80) <-> (A,128)),((U,81) <-> (A,127)),((U,82) <-> (A,126)),((C,86) <-> (.,-1))","((C,3) <-> (G,25)),((U,4) <-> (A,24)),((G,5) <-> (C,23)),((U,6) <-> (.,-1)),((U,7) <-> (.,-1)),((U,8) <-> (.,-1)),((U,9) <-> (.,-1)),((U,10) <-> (.,-1)),((C,11) <-> (.,-1)),((U,12) <-> (.,-1)),((C,13) <-> (.,-1)),((G,14) <-> (C,45)),((C,15) <-> (G,44)),((U,16) <-> (A,43)),((G,17) <-> (C,42)),((A,18) <-> (U,41)),((C,19) <-> (G,40)),((U,20) <-> (A,39)),((U,21) <-> (A,38)),((U,22) <-> (A,37)),((C,29) <-> (.,-1))"
2fey_Telomerase.bpseq.db.txt,3,"((G,211) <-> (C,221)),((A,212) <-> (U,220)),((G,213) <-> (C,219))","((G,0) <-> (C,42)),((A,1) <-> (U,41)),((G,2) <-> (C,40))"
2k95_Telomerase.bpseq.db.txt,21,"((C,63) <-> (G,85)),((U,64) <-> (A,84)),((G,65) <-> (C,83)),((U,66) <-> (.,-1)),((U,67) <-> (.,-1)),((U,68) <-> (.,-1)),((U,69) <-> (.,-1)),((U,70) <-> (.,-1)),((C,71) <-> (.,-1)),((U,72) <-> (.,-1)),((C,73) <-> (.,-1)),((G,74) <-> (C,135)),((C,75) <-> (G,134)),((U,76) <-> (A,133)),((G,77) <-> (C,132)),((A,78) <-> (U,131)),((C,79) <-> (G,130)),((U,80) <-> (A,128)),((U,81) <-> (A,127)),((U,82) <-> (A,126)),((C,86) <-> (.,-1))","((C,3) <-> (G,25)),((U,4) <-> (A,24)),((G,5) <-> (C,23)),((U,6) <-> (.,-1)),((U,7) <-> (.,-1)),((U,8) <-> (.,-1)),((U,9) <-> (.,-1)),((U,10) <-> (.,-1)),((C,11) <-> (.,-1)),((U,12) <-> (.,-1)),((C,13) <-> (.,-1)),((G,14) <-> (C,46)),((C,15) <-> (G,45)),((U,16) <-> (A,44)),((G,17) <-> (C,43)),((A,18) <-> (U,42)),((C,19) <-> (G,41)),((U,20) <-> (A,39)),((U,21) <-> (A,38)),((U,22) <-> (A,37)),((C,29) <-> (.,-1))"
2mhi_Telomerase.bpseq.db.txt,7,"((A,209) <-> (.,-1)),((A,210) <-> (.,-1)),((G,211) <-> (C,221)),((A,212) <-> (U,220)),((G,213) <-> (C,219)),((U,214) <-> (.,-1)),((U,215) <-> (.,-1)),((G,216) <-> (.,-1)),((G,217) <-> (.,-1)),((G,218) <-> (.,-1)),((U,222) <-> (.,-1)),((G,223) <-> (.,-1)),((U,224) <-> (.,-1))","((A,30) <-> (.,-1)),((A,31) <-> (.,-1)),((G,32) <-> (C,42)),((A,33) <-> (U,41)),((G,34) <-> (C,40)),((U,35) <-> (.,-1)),((U,36) <-> (.,-1)),((C,37) <-> (.,-1)),((G,38) <-> (.,-1)),_,((U,39) <-> (.,-1)),_,((U,45) <-> (.,-1))"
2qh2_Telomerase.bpseq.db.txt,4,"((G,115) <-> (.,-1)),((A,116) <-> (.,-1)),((G,117) <-> (.,-1)),((C,118) <-> (.,-1))","((G,9) <-> (.,-1)),((A,10) <-> (.,-1)),((G,11) <-> (.,-1)),((C,12) <-> (.,-1))"
5kmz_Telomerase.bpseq.db.txt,4,"((C,122) <-> (.,-1)),((A,123) <-> (.,-1)),((A,124) <-> (.,-1)),((A,125) <-> (.,-1))","((C,19) <-> (.,-1)),((A,20) <-> (.,-1)),((A,21) <-> (.,-1)),((A,22) <-> (.,-1))"
5kqe_Telomerase.bpseq.db.txt,3,"((A,197) <-> (.,-1)),((C,198) <-> (.,-1)),((U,199) <-> (.,-1)),((C,207) <-> (.,-1)),((A,209) <-> (.,-1))","((A,6) <-> (.,-1)),((C,7) <-> (.,-1)),((U,8) <-> (.,-1)),((U,9) <-> (.,-1)),((A,10) <-> (.,-1))"
7lma_Telomerase.bpseq.db.txt,7,"((U,12) <-> (.,-1)),((C,13) <-> (.,-1)),((U,14) <-> (.,-1)),((A,15) <-> (.,-1)),((A,16) <-> (.,-1)),((C,17) <-> (.,-1)),((C,18) <-> (.,-1)),((C,19) <-> (.,-1)),((U,20) <-> (.,-1)),((A,21) <-> (.,-1)),((A,22) <-> (.,-1))","((U,38) <-> (.,-1)),((C,39) <-> (.,-1)),_,((A,40) <-> (.,-1)),((A,41) <-> (.,-1)),((C,42) <-> (.,-1)),((C,43) <-> (.,-1)),((C,44) <-> (.,-1)),((C,45) <-> (.,-1)),((A,46) <-> (.,-1)),((A,47) <-> (.,-1))"
7lmb_Telomerase.bpseq.db.txt,7,"((U,12) <-> (.,-1)),((C,13) <-> (.,-1)),((U,14) <-> (.,-1)),((A,15) <-> (.,-1)),((A,16) <-> (.,-1)),((C,17) <-> (.,-1)),((C,18) <-> (.,-1)),((C,19) <-> (.,-1)),((U,20) <-> (.,-1)),((A,21) <-> (.,-1)),((A,22) <-> (.,-1))","((U,38) <-> (.,-1)),((C,39) <-> (.,-1)),_,((A,40) <-> (.,-1)),((A,41) <-> (.,-1)),((C,42) <-> (.,-1)),((C,43) <-> (.,-1)),((C,44) <-> (.,-1)),((C,45) <-> (.,-1)),((A,46) <-> (.,-1)),((A,47) <-> (.,-1))"
7qxa_Telomerase.bpseq.db.txt,94,"((G,0) <-> (C,143)),((G,1) <-> (C,142)),((C,2) <-> (G,141)),((C,3) <-> (G,140)),((A,4) <-> (U,139)),((U,5) <-> (.,-1)),((U,6) <-> (.,-1)),((U,7) <-> (.,-1)),((U,8) <-> (.,-1)),((U,9) <-> (.,-1)),((U,10) <-> (.,-1)),((G,11) <-> (.,-1)),((U,12) <-> (.,-1)),((C,13) <-> (.,-1)),((U,14) <-> (.,-1)),((A,15) <-> (.,-1)),((A,16) <-> (.,-1)),((C,17) <-> (.,-1)),((C,18) <-> (.,-1)),((C,19) <-> (.,-1)),((U,20) <-> (.,-1)),((A,21) <-> (.,-1)),((A,22) <-> (.,-1)),((C,23) <-> (.,-1)),((U,24) <-> (.,-1)),((G,25) <-> (.,-1)),((A,26) <-> (.,-1)),((G,27) <-> (.,-1)),((A,28) <-> (.,-1)),((A,29) <-> (U,114)),((G,30) <-> (.,-1)),((G,31) <-> (.,-1)),((G,32) <-> (.,-1)),((C,33) <-> (G,110)),((G,34) <-> (C,109)),((U,35) <-> (.,-1)),((A,36) <-> (U,106)),_,((G,37) <-> (C,105)),_,((G,38) <-> (C,104)),((C,39) <-> (G,103)),((G,40) <-> (U,100)),((C,41) <-> (.,-1)),((C,42) <-> (.,-1)),((G,43) <-> (.,-1)),((U,44) <-> (.,-1)),((G,45) <-> (C,98)),((C,46) <-> (G,97)),((U,47) <-> (A,96)),((U,48) <-> (A,95)),((U,49) <-> (A,94)),((U,50) <-> (A,93)),((G,51) <-> (.,-1)),((C,52) <-> (.,-1)),((U,53) <-> (.,-1)),((C,54) <-> (.,-1)),((C,55) <-> (.,-1)),((C,56) <-> (G,92)),((C,57) <-> (.,-1)),((G,58) <-> (.,-1)),((C,59) <-> (.,-1)),((G,60) <-> (.,-1)),((C,61) <-> (.,-1)),((G,62) <-> (.,-1)),((C,63) <-> (G,85)),((U,64) <-> (A,84)),((G,65) <-> (C,83)),((U,66) <-> (.,-1)),((U,67) <-> (.,-1)),((U,68) <-> (.,-1)),((U,69) <-> (.,-1)),((U,70) <-> (.,-1)),((C,71) <-> (.,-1)),((U,72) <-> (.,-1)),((C,73) <-> (.,-1)),((G,74) <-> (C,135)),((C,75) <-> (G,134)),((U,76) <-> (A,133)),((G,77) <-> (C,132)),((A,78) <-> (U,131)),((C,79) <-> (G,130)),((U,80) <-> (A,128)),((U,81) <-> (A,127)),((U,82) <-> (A,126)),((C,86) <-> (.,-1)),((G,87) <-> (.,-1)),((G,88) <-> (.,-1)),((G,89) <-> (.,-1)),((C,90) <-> (.,-1)),((G,91) <-> (.,-1)),((C,99) <-> (.,-1)),_,((C,101) <-> (.,-1)),((G,102) <-> (.,-1)),((G,107) <-> (.,-1)),((C,108) <-> (.,-1)),((C,111) <-> (.,-1)),((C,112) <-> (.,-1)),((U,113) <-> (.,-1)),((G,115) <-> (.,-1)),((A,116) <-> (.,-1)),((G,117) <-> (.,-1)),((C,118) <-> (.,-1)),((A,119) <-> (.,-1)),((A,120) <-> (.,-1)),((A,121) <-> (.,-1)),((C,122) <-> (.,-1)),((A,123) <-> (.,-1)),((A,124) <-> (.,-1)),((A,125) <-> (.,-1)),_,_,_,_,_,_,((U,129) <-> (.,-1)),((U,136) <-> (.,-1)),_,((G,137) <-> (.,-1)),((C,138) <-> (.,-1)),((C,144) <-> (.,-1)),((C,145) <-> (G,242)),((C,146) <-> (G,241)),((G,147) <-> (C,240)),((A,148) <-> (U,239)),((A,149) <-> (.,-1)),((C,150) <-> (.,-1)),((C,151) <-> (.,-1)),((C,152) <-> (G,233)),((C,153) <-> (G,232)),((G,154) <-> (C,231)),((C,155) <-> (G,230)),((C,156) <-> (.,-1)),_,((U,157) <-> (.,-1)),((G,158) <-> (.,-1)),((G,159) <-> (.,-1)),((A,160) <-> (.,-1)),((G,161) <-> (C,229)),((G,162) <-> (C,228)),((C,163) <-> (G,227)),((C,164) <-> (G,208)),((G,165) <-> (.,-1)),((C,166) <-> (G,206)),((G,167) <-> (C,205)),((G,168) <-> (C,204)),((U,169) <-> (A,203)),((C,170) <-> (.,-1)),((G,171) <-> (C,202)),((G,172) <-> (C,201)),((C,173) <-> (G,200)),((C,174) <-> (.,-1)),((C,175) <-> (.,-1)),((G,176) <-> (C,196)),((G,177) <-> (C,195)),((G,178) <-> (C,194)),((G,179) <-> (C,192)),((C,180) <-> (G,191)),((U,181) <-> (G,190)),((U,182) <-> (A,189)),((C,183) <-> (G,188)),((U,184) <-> (.,-1)),((C,185) <-> (.,-1)),((C,186) <-> (.,-1)),((G,187) <-> (.,-1)),_,((A,193) <-> (.,-1)),((A,197) <-> (.,-1)),((C,198) <-> (.,-1)),((U,199) <-> (.,-1)),((C,207) <-> (.,-1)),_,((A,209) <-> (.,-1)),((A,210) <-> (.,-1)),((G,211) <-> (C,221)),((A,212) <-> (U,220)),((G,213) <-> (C,219)),((U,214) <-> (.,-1)),((U,215) <-> (.,-1)),((G,216) <-> (.,-1)),((G,217) <-> (.,-1)),((G,218) <-> (.,-1)),((U,222) <-> (.,-1)),((G,223) <-> (.,-1)),((U,224) <-> (.,-1)),((C,225) <-> (.,-1)),((A,226) <-> (.,-1)),((G,234) <-> (.,-1)),_,_,((U,235) <-> (.,-1)),((C,236) <-> (.,-1)),((U,237) <-> (.,-1)),((C,238) <-> (.,-1))","((G,7) <-> (C,149)),((G,8) <-> (C,148)),((C,9) <-> (G,147)),((C,10) <-> (.,-1)),((A,11) <-> (U,145)),((U,12) <-> (.,-1)),((U,13) <-> (.,-1)),((U,14) <-> (.,-1)),((U,15) <-> (.,-1)),((U,16) <-> (.,-1)),((U,17) <-> (.,-1)),((G,18) <-> (.,-1)),((U,19) <-> (.,-1)),((C,20) <-> (.,-1)),((U,21) <-> (.,-1)),((A,22) <-> (.,-1)),((A,23) <-> (.,-1)),((C,24) <-> (.,-1)),((C,25) <-> (.,-1)),((C,26) <-> (.,-1)),((U,27) <-> (.,-1)),((A,28) <-> (.,-1)),((A,29) <-> (.,-1)),((C,30) <-> (.,-1)),((U,31) <-> (.,-1)),((G,32) <-> (.,-1)),((A,33) <-> (.,-1)),((G,34) <-> (.,-1)),((A,35) <-> (.,-1)),((A,36) <-> (.,-1)),((G,37) <-> (.,-1)),((G,38) <-> (C,119)),((G,39) <-> (C,118)),((C,40) <-> (G,117)),((G,41) <-> (C,115)),((U,42) <-> (G,114)),((A,43) <-> (U,113)),((G,44) <-> (.,-1)),((G,45) <-> (C,111)),((C,46) <-> (.,-1)),((G,47) <-> (.,-1)),((C,48) <-> (G,109)),_,((C,49) <-> (.,-1)),_,((G,50) <-> (.,-1)),((U,51) <-> (.,-1)),((G,52) <-> (.,-1)),((C,53) <-> (G,104)),((U,54) <-> (A,103)),((U,55) <-> (A,102)),((U,56) <-> (.,-1)),((U,57) <-> (.,-1)),((G,58) <-> (.,-1)),((C,59) <-> (.,-1)),((U,60) <-> (.,-1)),((C,61) <-> (.,-1)),((C,62) <-> (.,-1)),((C,63) <-> (G,99)),((C,64) <-> (G,98)),((G,65) <-> (C,97)),((C,66) <-> (G,96)),((G,67) <-> (.,-1)),((C,68) <-> (G,94)),((G,69) <-> (C,93)),((C,70) <-> (G,92)),((U,71) <-> (.,-1)),((G,72) <-> (C,90)),((U,73) <-> (.,-1)),((U,74) <-> (.,-1)),((U,75) <-> (.,-1)),((U,76) <-> (.,-1)),((U,77) <-> (.,-1)),((C,78) <-> (.,-1)),((U,79) <-> (.,-1)),((C,80) <-> (G,143)),((G,81) <-> (C,141)),((C,82) <-> (G,140)),((U,83) <-> (A,139)),((G,84) <-> (C,138)),((A,85) <-> (U,137)),((C,86) <-> (G,136)),((U,87) <-> (A,134)),((U,88) <-> (A,133)),((U,89) <-> (A,132)),((A,91) <-> (.,-1)),((G,95) <-> (.,-1)),((A,100) <-> (.,-1)),((A,101) <-> (.,-1)),((C,105) <-> (.,-1)),_,((C,106) <-> (.,-1)),((U,107) <-> (.,-1)),((C,108) <-> (.,-1)),((G,110) <-> (.,-1)),_,((C,112) <-> (.,-1)),((C,116) <-> (.,-1)),_,((U,120) <-> (.,-1)),((G,121) <-> (.,-1)),((A,122) <-> (.,-1)),((G,123) <-> (.,-1)),((C,124) <-> (.,-1)),((A,125) <-> (.,-1)),((A,126) <-> (.,-1)),((A,127) <-> (.,-1)),((C,128) <-> (.,-1)),((A,129) <-> (.,-1)),((A,130) <-> (.,-1)),((A,131) <-> (.,-1)),((U,135) <-> (.,-1)),((U,142) <-> (.,-1)),((C,144) <-> (.,-1)),((G,146) <-> (.,-1)),((C,150) <-> (.,-1)),((G,151) <-> (.,-1)),((U,152) <-> (.,-1)),((U,153) <-> (.,-1)),((C,154) <-> (.,-1)),((G,155) <-> (.,-1)),((C,156) <-> (.,-1)),((C,157) <-> (.,-1)),((C,158) <-> (.,-1)),((C,159) <-> (G,252)),((G,160) <-> (C,251)),((A,161) <-> (U,250)),((A,162) <-> (.,-1)),((C,163) <-> (.,-1)),((C,164) <-> (G,245)),((C,165) <-> (G,244)),((C,166) <-> (G,243)),((G,167) <-> (C,242)),((C,168) <-> (G,241)),((C,169) <-> (.,-1)),((G,170) <-> (.,-1)),((A,171) <-> (.,-1)),((G,172) <-> (.,-1)),((G,173) <-> (.,-1)),((C,174) <-> (.,-1)),((C,175) <-> (.,-1)),((G,176) <-> (C,218)),((C,177) <-> (G,217)),_,_,_,((G,178) <-> (C,216)),((G,179) <-> (C,215)),((U,180) <-> (A,214)),((C,181) <-> (.,-1)),((G,182) <-> (C,213)),((G,183) <-> (.,-1)),((C,184) <-> (G,211)),((C,185) <-> (.,-1)),((C,186) <-> (.,-1)),((G,187) <-> (C,207)),((G,188) <-> (C,206)),((G,189) <-> (C,205)),((G,190) <-> (C,203)),((C,191) <-> (G,202)),((U,192) <-> (G,201)),((U,193) <-> (.,-1)),((C,194) <-> (G,199)),((U,195) <-> (.,-1)),((C,196) <-> (.,-1)),((C,197) <-> (.,-1)),((G,198) <-> (.,-1)),((A,200) <-> (.,-1)),((A,204) <-> (.,-1)),((A,208) <-> (.,-1)),((C,209) <-> (.,-1)),((U,210) <-> (.,-1)),((C,212) <-> (.,-1)),((G,219) <-> (.,-1)),((A,220) <-> (.,-1)),((A,221) <-> (U,233)),((G,222) <-> (C,232)),((A,223) <-> (U,231)),((G,224) <-> (C,230)),((U,225) <-> (.,-1)),((U,226) <-> (.,-1)),((G,227) <-> (.,-1)),((G,228) <-> (.,-1)),((G,229) <-> (.,-1)),_,((G,234) <-> (.,-1)),((U,235) <-> (.,-1)),((C,236) <-> (.,-1)),((A,237) <-> (.,-1)),((G,238) <-> (.,-1)),((C,239) <-> (.,-1)),((C,240) <-> (.,-1)),((U,246) <-> (.,-1)),((C,247) <-> (.,-1)),((U,248) <-> (.,-1)),((C,249) <-> (.,-1))"
7qxb_Telomerase.bpseq.db.txt,99,"((G,0) <-> (C,143)),((G,1) <-> (C,142)),((C,2) <-> (G,141)),((C,3) <-> (G,140)),((A,4) <-> (U,139)),((U,5) <-> (.,-1)),((U,6) <-> (.,-1)),((U,7) <-> (.,-1)),((U,8) <-> (.,-1)),((U,9) <-> (.,-1)),((U,10) <-> (.,-1)),((G,11) <-> (.,-1)),((U,12) <-> (.,-1)),((C,13) <-> (.,-1)),((U,14) <-> (.,-1)),((A,15) <-> (.,-1)),((A,16) <-> (.,-1)),((C,17) <-> (.,-1)),((C,18) <-> (.,-1)),((C,19) <-> (.,-1)),((U,20) <-> (.,-1)),((A,21) <-> (.,-1)),((A,22) <-> (.,-1)),((C,23) <-> (.,-1)),((U,24) <-> (.,-1)),((G,25) <-> (.,-1)),((A,26) <-> (.,-1)),((G,27) <-> (.,-1)),((A,28) <-> (.,-1)),((A,29) <-> (U,114)),((G,30) <-> (.,-1)),((G,31) <-> (.,-1)),((G,32) <-> (.,-1)),((C,33) <-> (G,110)),((G,34) <-> (C,109)),((U,35) <-> (.,-1)),((A,36) <-> (U,106)),((G,37) <-> (C,105)),((G,38) <-> (C,104)),((C,39) <-> (G,103)),((G,40) <-> (U,100)),((C,41) <-> (.,-1)),((C,42) <-> (.,-1)),((G,43) <-> (.,-1)),((U,44) <-> (.,-1)),((G,45) <-> (C,98)),((C,46) <-> (G,97)),((U,47) <-> (A,96)),((U,48) <-> (A,95)),((U,49) <-> (A,94)),((U,50) <-> (A,93)),((G,51) <-> (.,-1)),((C,52) <-> (.,-1)),((U,53) <-> (.,-1)),((C,54) <-> (.,-1)),((C,55) <-> (.,-1)),((C,56) <-> (G,92)),((C,57) <-> (.,-1)),((G,58) <-> (.,-1)),((C,59) <-> (.,-1)),((G,60) <-> (.,-1)),((C,61) <-> (.,-1)),((G,62) <-> (.,-1)),((C,63) <-> (G,85)),((U,64) <-> (A,84)),((G,65) <-> (C,83)),((U,66) <-> (.,-1)),((U,67) <-> (.,-1)),((U,68) <-> (.,-1)),((U,69) <-> (.,-1)),((U,70) <-> (.,-1)),((C,71) <-> (.,-1)),((U,72) <-> (.,-1)),((C,73) <-> (.,-1)),((G,74) <-> (C,135)),((C,75) <-> (G,134)),((U,76) <-> (A,133)),((G,77) <-> (C,132)),((A,78) <-> (U,131)),((C,79) <-> (G,130)),((U,80) <-> (A,128)),((U,81) <-> (A,127)),((U,82) <-> (A,126)),((C,86) <-> (.,-1)),((G,87) <-> (.,-1)),_,((G,88) <-> (.,-1)),((G,89) <-> (.,-1)),((C,90) <-> (.,-1)),((G,91) <-> (.,-1)),((C,99) <-> (.,-1)),((C,101) <-> (.,-1)),((G,102) <-> (.,-1)),((G,107) <-> (.,-1)),((C,108) <-> (.,-1)),((C,111) <-> (.,-1)),((C,112) <-> (.,-1)),((U,113) <-> (.,-1)),((G,115) <-> (.,-1)),((A,116) <-> (.,-1)),((G,117) <-> (.,-1)),((C,118) <-> (.,-1)),((A,119) <-> (.,-1)),((A,120) <-> (.,-1)),((A,121) <-> (.,-1)),((C,122) <-> (.,-1)),((A,123) <-> (.,-1)),((A,124) <-> (.,-1)),((A,125) <-> (.,-1)),_,_,_,_,_,_,((U,129) <-> (.,-1)),((U,136) <-> (.,-1)),_,((G,137) <-> (.,-1)),((C,138) <-> (.,-1)),((C,144) <-> (.,-1)),((C,145) <-> (G,242)),((C,146) <-> (G,241)),((G,147) <-> (C,240)),((A,148) <-> (U,239)),((A,149) <-> (.,-1)),((C,150) <-> (.,-1)),((C,151) <-> (.,-1)),((C,152) <-> (G,233)),((C,153) <-> (G,232)),((G,154) <-> (C,231)),((C,155) <-> (G,230)),((C,156) <-> (.,-1)),((U,157) <-> (.,-1)),((G,158) <-> (.,-1)),((G,159) <-> (.,-1)),((A,160) <-> (.,-1)),((G,161) <-> (C,229)),((G,162) <-> (C,228)),((C,163) <-> (G,227)),((C,164) <-> (G,208)),((G,165) <-> (.,-1)),((C,166) <-> (G,206)),((G,167) <-> (C,205)),((G,168) <-> (C,204)),((U,169) <-> (A,203)),((C,170) <-> (.,-1)),((G,171) <-> (C,202)),((G,172) <-> (C,201)),((C,173) <-> (G,200)),((C,174) <-> (.,-1)),((C,175) <-> (.,-1)),((G,176) <-> (C,196)),((G,177) <-> (C,195)),((G,178) <-> (C,194)),((G,179) <-> (C,192)),((C,180) <-> (G,191)),((U,181) <-> (G,190)),((U,182) <-> (A,189)),((C,183) <-> (G,188)),((U,184) <-> (.,-1)),((C,185) <-> (.,-1)),((C,186) <-> (.,-1)),((G,187) <-> (.,-1)),_,((A,193) <-> (.,-1)),((A,197) <-> (.,-1)),((C,198) <-> (.,-1)),((U,199) <-> (.,-1)),((C,207) <-> (.,-1)),((A,209) <-> (.,-1)),((A,210) <-> (.,-1)),((G,211) <-> (C,221)),((A,212) <-> (U,220)),((G,213) <-> (C,219)),((U,214) <-> (.,-1)),((U,215) <-> (.,-1)),((G,216) <-> (.,-1)),((G,217) <-> (.,-1)),((G,218) <-> (.,-1)),((U,222) <-> (.,-1)),((G,223) <-> (.,-1)),((U,224) <-> (.,-1)),((C,225) <-> (.,-1)),((A,226) <-> (.,-1)),((G,234) <-> (.,-1)),_,((U,235) <-> (.,-1)),((C,236) <-> (.,-1)),((U,237) <-> (.,-1)),((C,238) <-> (.,-1))","((G,7) <-> (C,152)),((G,8) <-> (C,151)),((C,9) <-> (G,150)),((C,10) <-> (.,-1)),((A,11) <-> (U,148)),((U,12) <-> (.,-1)),((U,13) <-> (.,-1)),((U,14) <-> (.,-1)),((U,15) <-> (.,-1)),((U,16) <-> (.,-1)),((U,17) <-> (.,-1)),((G,18) <-> (.,-1)),((U,19) <-> (.,-1)),((C,20) <-> (.,-1)),((U,21) <-> (.,-1)),((A,22) <-> (.,-1)),((A,23) <-> (.,-1)),((C,24) <-> (.,-1)),((C,25) <-> (.,-1)),((C,26) <-> (.,-1)),((U,27) <-> (.,-1)),((A,28) <-> (.,-1)),((A,29) <-> (.,-1)),((C,30) <-> (.,-1)),((U,31) <-> (.,-1)),((G,32) <-> (.,-1)),((A,33) <-> (.,-1)),((G,34) <-> (.,-1)),((A,35) <-> (.,-1)),((A,36) <-> (.,-1)),((G,37) <-> (.,-1)),((G,38) <-> (C,119)),((G,39) <-> (C,118)),((C,40) <-> (G,117)),((G,41) <-> (C,115)),((U,42) <-> (G,114)),((A,43) <-> (U,113)),((G,44) <-> (C,112)),((G,45) <-> (C,111)),((C,46) <-> (G,110)),((G,47) <-> (.,-1)),((C,48) <-> (G,109)),((C,49) <-> (.,-1)),((G,50) <-> (.,-1)),((U,51) <-> (.,-1)),((G,52) <-> (.,-1)),((C,53) <-> (G,104)),((U,54) <-> (A,103)),((U,55) <-> (A,102)),((U,56) <-> (.,-1)),((U,57) <-> (.,-1)),((G,58) <-> (.,-1)),((C,59) <-> (.,-1)),((U,60) <-> (.,-1)),((C,61) <-> (.,-1)),((C,62) <-> (.,-1)),((C,63) <-> (G,99)),((C,64) <-> (G,98)),((G,65) <-> (C,97)),((C,66) <-> (G,96)),((G,67) <-> (.,-1)),((C,68) <-> (G,94)),((G,69) <-> (C,93)),((C,70) <-> (G,92)),((U,71) <-> (A,91)),((G,72) <-> (C,90)),((U,73) <-> (.,-1)),((U,74) <-> (.,-1)),((U,75) <-> (.,-1)),((U,76) <-> (.,-1)),((U,77) <-> (.,-1)),((C,78) <-> (.,-1)),((U,79) <-> (.,-1)),((C,80) <-> (G,146)),((G,81) <-> (C,144)),((C,82) <-> (G,143)),((U,83) <-> (A,142)),((G,84) <-> (C,141)),((A,85) <-> (U,140)),((C,86) <-> (G,139)),((U,87) <-> (A,137)),((U,88) <-> (A,136)),((U,89) <-> (A,135)),_,((G,95) <-> (.,-1)),((A,100) <-> (.,-1)),((A,101) <-> (.,-1)),((C,105) <-> (.,-1)),((C,106) <-> (.,-1)),((U,107) <-> (.,-1)),((C,108) <-> (.,-1)),((C,116) <-> (.,-1)),((U,120) <-> (.,-1)),((U,121) <-> (.,-1)),((C,122) <-> (.,-1)),((C,123) <-> (.,-1)),_,_,((G,124) <-> (.,-1)),((A,125) <-> (.,-1)),((G,126) <-> (.,-1)),((C,127) <-> (.,-1)),((A,128) <-> (.,-1)),((A,129) <-> (.,-1)),((A,130) <-> (.,-1)),((C,131) <-> (.,-1)),((A,132) <-> (.,-1)),((A,133) <-> (.,-1)),((A,134) <-> (.,-1)),((U,138) <-> (.,-1)),((U,145) <-> (.,-1)),((C,147) <-> (.,-1)),((G,149) <-> (.,-1)),((C,153) <-> (.,-1)),((G,154) <-> (.,-1)),((U,155) <-> (.,-1)),((U,156) <-> (.,-1)),((C,157) <-> (.,-1)),((G,158) <-> (.,-1)),((C,159) <-> (.,-1)),((C,160) <-> (.,-1)),((C,161) <-> (.,-1)),((C,162) <-> (G,255)),((G,163) <-> (C,254)),((A,164) <-> (U,253)),((A,165) <-> (.,-1)),((C,166) <-> (.,-1)),((C,167) <-> (G,248)),((C,168) <-> (G,247)),((C,169) <-> (G,246)),((G,170) <-> (C,245)),((C,171) <-> (G,244)),((C,172) <-> (.,-1)),_,((G,173) <-> (.,-1)),_,((A,174) <-> (.,-1)),((G,175) <-> (.,-1)),((G,176) <-> (C,242)),((C,177) <-> (.,-1)),((C,178) <-> (.,-1)),((G,179) <-> (C,221)),((C,180) <-> (G,220)),((G,181) <-> (C,219)),((G,182) <-> (C,218)),((U,183) <-> (A,217)),((C,184) <-> (.,-1)),((G,185) <-> (C,216)),((G,186) <-> (C,215)),((C,187) <-> (G,214)),((C,188) <-> (.,-1)),((C,189) <-> (.,-1)),((G,190) <-> (C,210)),((G,191) <-> (C,209)),((G,192) <-> (C,208)),((G,193) <-> (C,206)),((C,194) <-> (G,205)),((U,195) <-> (G,204)),((U,196) <-> (.,-1)),((C,197) <-> (G,202)),((U,198) <-> (.,-1)),((C,199) <-> (.,-1)),((C,200) <-> (.,-1)),((G,201) <-> (.,-1)),((A,203) <-> (.,-1)),((A,207) <-> (.,-1)),((A,211) <-> (.,-1)),((C,212) <-> (.,-1)),((U,213) <-> (.,-1)),((G,222) <-> (.,-1)),((A,223) <-> (.,-1)),((A,224) <-> (U,236)),((G,225) <-> (C,235)),((A,226) <-> (U,234)),((G,227) <-> (C,233)),((U,228) <-> (.,-1)),((U,229) <-> (.,-1)),((G,230) <-> (.,-1)),((G,231) <-> (.,-1)),((G,232) <-> (.,-1)),_,((G,237) <-> (.,-1)),((U,238) <-> (.,-1)),((C,239) <-> (.,-1)),((A,240) <-> (.,-1)),((G,241) <-> (.,-1)),((C,243) <-> (.,-1)),((U,249) <-> (.,-1)),((C,250) <-> (.,-1)),((U,251) <-> (.,-1)),((C,252) <-> (.,-1))"
7trd_Telomerase.bpseq.db.txt,76,"((G,0) <-> (C,143)),((G,1) <-> (C,142)),((C,2) <-> (G,141)),((C,3) <-> (G,140)),((A,4) <-> (U,139)),((U,5) <-> (.,-1)),((U,6) <-> (.,-1)),((U,7) <-> (.,-1)),((U,8) <-> (.,-1)),((U,9) <-> (.,-1)),((U,10) <-> (.,-1)),((G,11) <-> (.,-1)),((U,12) <-> (.,-1)),((C,13) <-> (.,-1)),((U,14) <-> (.,-1)),((A,15) <-> (.,-1)),((A,16) <-> (.,-1)),((C,17) <-> (.,-1)),((C,18) <-> (.,-1)),((C,19) <-> (.,-1)),((U,20) <-> (.,-1)),((A,21) <-> (.,-1)),((A,22) <-> (.,-1)),((C,23) <-> (.,-1)),((U,24) <-> (.,-1)),((G,25) <-> (.,-1)),((A,26) <-> (.,-1)),((G,27) <-> (.,-1)),((A,28) <-> (.,-1)),((A,29) <-> (U,114)),((G,30) <-> (.,-1)),((G,31) <-> (.,-1)),((G,32) <-> (.,-1)),((C,33) <-> (G,110)),((G,34) <-> (C,109)),((U,35) <-> (.,-1)),((A,36) <-> (U,106)),((G,37) <-> (C,105)),((G,38) <-> (C,104)),((C,39) <-> (G,103)),((G,40) <-> (U,100)),((C,41) <-> (.,-1)),((C,42) <-> (.,-1)),((G,43) <-> (.,-1)),((U,44) <-> (.,-1)),((G,45) <-> (C,98)),((C,46) <-> (G,97)),((U,47) <-> (A,96)),((U,48) <-> (A,95)),((U,49) <-> (A,94)),((U,50) <-> (A,93)),((G,51) <-> (.,-1)),((C,52) <-> (.,-1)),((U,53) <-> (.,-1)),((C,54) <-> (.,-1)),((C,55) <-> (.,-1)),((C,56) <-> (G,92)),((C,57) <-> (.,-1)),((G,58) <-> (.,-1)),((C,59) <-> (.,-1)),((G,60) <-> (.,-1)),((C,61) <-> (.,-1)),((G,62) <-> (.,-1)),((C,63) <-> (G,85)),((U,64) <-> (A,84)),((G,65) <-> (C,83)),((U,66) <-> (.,-1)),((U,67) <-> (.,-1)),((U,68) <-> (.,-1)),((U,69) <-> (.,-1)),((U,70) <-> (.,-1)),((C,71) <-> (.,-1)),((U,72) <-> (.,-1)),((C,73) <-> (.,-1)),((G,74) <-> (C,135)),((C,75) <-> (G,134)),((U,76) <-> (A,133)),((G,77) <-> (C,132)),((A,78) <-> (U,131)),((C,79) <-> (G,130)),((U,80) <-> (A,128)),((U,81) <-> (A,127)),((U,82) <-> (A,126)),((C,86) <-> (.,-1)),((G,87) <-> (.,-1)),((G,88) <-> (.,-1)),((G,89) <-> (.,-1)),((C,90) <-> (.,-1)),((G,91) <-> (.,-1)),((C,99) <-> (.,-1)),_,((C,101) <-> (.,-1)),((G,102) <-> (.,-1)),((G,107) <-> (.,-1)),((C,108) <-> (.,-1)),((C,111) <-> (.,-1)),((C,112) <-> (.,-1)),((U,113) <-> (.,-1)),((G,115) <-> (.,-1)),((A,116) <-> (.,-1)),((G,117) <-> (.,-1)),((C,118) <-> (.,-1)),((A,119) <-> (.,-1)),((A,120) <-> (.,-1)),((A,121) <-> (.,-1)),((C,122) <-> (.,-1)),_,_,((A,123) <-> (.,-1)),((A,124) <-> (.,-1)),((A,125) <-> (.,-1)),((U,129) <-> (.,-1)),((U,136) <-> (.,-1)),((G,137) <-> (.,-1)),((C,138) <-> (.,-1)),((C,144) <-> (.,-1)),((C,145) <-> (G,242)),((C,146) <-> (G,241)),((G,147) <-> (C,240)),((A,148) <-> (U,239)),((A,149) <-> (.,-1)),((C,150) <-> (.,-1)),((C,151) <-> (.,-1)),((C,152) <-> (G,233)),((C,153) <-> (G,232)),((G,154) <-> (C,231)),((C,155) <-> (G,230)),((C,156) <-> (.,-1)),((U,157) <-> (.,-1)),((G,158) <-> (.,-1)),((G,159) <-> (.,-1)),((A,160) <-> (.,-1)),((G,161) <-> (C,229)),((G,162) <-> (C,228)),((C,163) <-> (G,227)),((C,164) <-> (G,208)),((G,165) <-> (.,-1)),((C,166) <-> (G,206)),((G,167) <-> (C,205)),((G,168) <-> (C,204)),((U,169) <-> (A,203)),((C,170) <-> (.,-1)),((G,171) <-> (C,202)),((G,172) <-> (C,201)),((C,173) <-> (G,200)),((C,174) <-> (.,-1)),((C,175) <-> (.,-1)),((G,176) <-> (C,196)),((G,177) <-> (C,195)),((G,178) <-> (C,194)),((G,179) <-> (C,192)),((C,180) <-> (G,191)),((U,181) <-> (G,190)),((U,182) <-> (A,189)),((C,183) <-> (G,188)),((U,184) <-> (.,-1)),((C,185) <-> (.,-1)),((C,186) <-> (.,-1)),((G,187) <-> (.,-1)),_,((A,193) <-> (.,-1)),((A,197) <-> (.,-1)),((C,198) <-> (.,-1)),((U,199) <-> (.,-1)),((C,207) <-> (.,-1)),((A,209) <-> (.,-1)),((A,210) <-> (.,-1)),((G,211) <-> (C,221)),((A,212) <-> (U,220)),((G,213) <-> (C,219)),((U,214) <-> (.,-1)),((U,215) <-> (.,-1)),((G,216) <-> (.,-1)),((G,217) <-> (.,-1)),((G,218) <-> (.,-1)),((U,222) <-> (.,-1)),((G,223) <-> (.,-1)),((U,224) <-> (.,-1)),((C,225) <-> (.,-1)),((A,226) <-> (.,-1))","((G,0) <-> (C,145)),((G,1) <-> (C,144)),((C,2) <-> (G,143)),((C,3) <-> (G,142)),((A,4) <-> (U,141)),((U,5) <-> (.,-1)),((U,6) <-> (.,-1)),((U,7) <-> (.,-1)),((U,8) <-> (.,-1)),((U,9) <-> (.,-1)),((U,10) <-> (.,-1)),((G,11) <-> (.,-1)),((U,12) <-> (.,-1)),((C,13) <-> (.,-1)),((U,14) <-> (.,-1)),((A,15) <-> (.,-1)),((A,16) <-> (.,-1)),((C,17) <-> (.,-1)),((C,18) <-> (.,-1)),((C,19) <-> (.,-1)),((U,20) <-> (.,-1)),((A,21) <-> (.,-1)),((A,22) <-> (.,-1)),((C,23) <-> (.,-1)),((U,24) <-> (.,-1)),((G,25) <-> (.,-1)),((A,26) <-> (.,-1)),((G,27) <-> (.,-1)),((A,28) <-> (.,-1)),((A,29) <-> (.,-1)),((G,30) <-> (.,-1)),((G,31) <-> (C,112)),((G,32) <-> (C,111)),((C,33) <-> (G,110)),((G,34) <-> (C,109)),((U,35) <-> (G,107)),((A,36) <-> (.,-1)),((G,37) <-> (C,105)),((G,38) <-> (C,104)),((C,39) <-> (G,103)),((G,40) <-> (.,-1)),((C,41) <-> (G,102)),((C,42) <-> (.,-1)),((G,43) <-> (C,99)),((U,44) <-> (.,-1)),((G,45) <-> (.,-1)),((C,46) <-> (G,97)),((U,47) <-> (A,96)),((U,48) <-> (A,95)),((U,49) <-> (A,94)),((U,50) <-> (A,93)),((G,51) <-> (.,-1)),((C,52) <-> (.,-1)),((U,53) <-> (.,-1)),((C,54) <-> (.,-1)),((C,55) <-> (.,-1)),((C,56) <-> (G,92)),((C,57) <-> (G,91)),((G,58) <-> (C,90)),((C,59) <-> (G,89)),((G,60) <-> (.,-1)),((C,61) <-> (G,87)),((G,62) <-> (C,86)),((C,63) <-> (G,85)),((U,64) <-> (A,84)),((G,65) <-> (C,83)),((U,66) <-> (.,-1)),((U,67) <-> (.,-1)),((U,68) <-> (.,-1)),((U,69) <-> (.,-1)),((U,70) <-> (.,-1)),((C,71) <-> (.,-1)),((U,72) <-> (.,-1)),((C,73) <-> (G,139)),((G,74) <-> (C,137)),((C,75) <-> (G,136)),((U,76) <-> (A,135)),((G,77) <-> (C,134)),((A,78) <-> (U,133)),((C,79) <-> (G,132)),((U,80) <-> (.,-1)),((U,81) <-> (.,-1)),((U,82) <-> (A,128)),_,((G,88) <-> (.,-1)),_,_,((C,98) <-> (.,-1)),((U,100) <-> (.,-1)),((C,101) <-> (.,-1)),((U,106) <-> (.,-1)),((C,108) <-> (.,-1)),((U,113) <-> (.,-1)),((U,114) <-> (.,-1)),((C,115) <-> (.,-1)),((C,116) <-> (.,-1)),_,_,((G,117) <-> (.,-1)),((A,118) <-> (.,-1)),((G,119) <-> (.,-1)),((C,120) <-> (.,-1)),((A,121) <-> (.,-1)),((A,122) <-> (.,-1)),((A,123) <-> (.,-1)),((C,124) <-> (.,-1)),((A,125) <-> (.,-1)),((A,126) <-> (.,-1)),((A,127) <-> (.,-1)),((A,129) <-> (.,-1)),((A,130) <-> (.,-1)),((U,131) <-> (.,-1)),((U,138) <-> (.,-1)),_,((C,140) <-> (.,-1)),((G,146) <-> (.,-1)),((A,147) <-> (.,-1)),_,((G,148) <-> (C,216)),_,_,_,_,_,_,((G,149) <-> (C,215)),((C,150) <-> (G,214)),((C,151) <-> (.,-1)),_,_,_,_,((G,152) <-> (C,194)),_,((C,153) <-> (G,193)),_,_,_,((G,154) <-> (C,192)),((G,155) <-> (C,191)),((U,156) <-> (A,190)),((C,157) <-> (.,-1)),((G,158) <-> (C,189)),((G,159) <-> (C,188)),((C,160) <-> (G,187)),((C,161) <-> (.,-1)),((C,162) <-> (.,-1)),((G,163) <-> (C,183)),((G,164) <-> (C,182)),((G,165) <-> (C,181)),((G,166) <-> (C,179)),((C,167) <-> (G,178)),((U,168) <-> (G,177)),((U,169) <-> (.,-1)),((C,170) <-> (G,175)),((U,171) <-> (.,-1)),((C,172) <-> (.,-1)),((C,173) <-> (.,-1)),((G,174) <-> (.,-1)),((A,176) <-> (.,-1)),((A,180) <-> (.,-1)),((A,184) <-> (.,-1)),((C,185) <-> (.,-1)),((U,186) <-> (.,-1)),((G,195) <-> (.,-1)),((A,196) <-> (.,-1)),((A,197) <-> (U,209)),((G,198) <-> (.,-1)),((A,199) <-> (U,207)),((G,200) <-> (C,206)),((U,201) <-> (.,-1)),((U,202) <-> (.,-1)),((G,203) <-> (.,-1)),((G,204) <-> (.,-1)),((G,205) <-> (.,-1)),((C,208) <-> (.,-1)),((G,210) <-> (.,-1)),((U,211) <-> (.,-1)),((C,212) <-> (.,-1)),((A,213) <-> (.,-1))"
7tre_Telomerase.bpseq.db.txt,74,"((G,0) <-> (C,143)),((G,1) <-> (C,142)),((C,2) <-> (G,141)),((C,3) <-> (G,140)),((A,4) <-> (U,139)),((U,5) <-> (.,-1)),((U,6) <-> (.,-1)),((U,7) <-> (.,-1)),((U,8) <-> (.,-1)),((U,9) <-> (.,-1)),((U,10) <-> (.,-1)),((G,11) <-> (.,-1)),((U,12) <-> (.,-1)),((C,13) <-> (.,-1)),((U,14) <-> (.,-1)),((A,15) <-> (.,-1)),((A,16) <-> (.,-1)),((C,17) <-> (.,-1)),((C,18) <-> (.,-1)),((C,19) <-> (.,-1)),((U,20) <-> (.,-1)),((A,21) <-> (.,-1)),((A,22) <-> (.,-1)),((C,23) <-> (.,-1)),((U,24) <-> (.,-1)),((G,25) <-> (.,-1)),((A,26) <-> (.,-1)),((G,27) <-> (.,-1)),((A,28) <-> (.,-1)),((A,29) <-> (U,114)),((G,30) <-> (.,-1)),((G,31) <-> (.,-1)),((G,32) <-> (.,-1)),((C,33) <-> (G,110)),((G,34) <-> (C,109)),((U,35) <-> (.,-1)),((A,36) <-> (U,106)),((G,37) <-> (C,105)),((G,38) <-> (C,104)),((C,39) <-> (G,103)),((G,40) <-> (U,100)),((C,41) <-> (.,-1)),((C,42) <-> (.,-1)),((G,43) <-> (.,-1)),((U,44) <-> (.,-1)),((G,45) <-> (C,98)),((C,46) <-> (G,97)),((U,47) <-> (A,96)),((U,48) <-> (A,95)),((U,49) <-> (A,94)),((U,50) <-> (A,93)),((G,51) <-> (.,-1)),((C,52) <-> (.,-1)),((U,53) <-> (.,-1)),((C,54) <-> (.,-1)),((C,55) <-> (.,-1)),((C,56) <-> (G,92)),((C,57) <-> (.,-1)),((G,58) <-> (.,-1)),((C,59) <-> (.,-1)),((G,60) <-> (.,-1)),((C,61) <-> (.,-1)),((G,62) <-> (.,-1)),((C,63) <-> (G,85)),((U,64) <-> (A,84)),((G,65) <-> (C,83)),((U,66) <-> (.,-1)),((U,67) <-> (.,-1)),((U,68) <-> (.,-1)),((U,69) <-> (.,-1)),((U,70) <-> (.,-1)),((C,71) <-> (.,-1)),((U,72) <-> (.,-1)),((C,73) <-> (.,-1)),((G,74) <-> (C,135)),((C,75) <-> (G,134)),((U,76) <-> (A,133)),((G,77) <-> (C,132)),((A,78) <-> (U,131)),((C,79) <-> (G,130)),((U,80) <-> (A,128)),((U,81) <-> (A,127)),((U,82) <-> (A,126)),((C,86) <-> (.,-1)),((G,87) <-> (.,-1)),((G,88) <-> (.,-1)),((G,89) <-> (.,-1)),((C,90) <-> (.,-1)),((G,91) <-> (.,-1)),((C,99) <-> (.,-1)),_,((C,101) <-> (.,-1)),((G,102) <-> (.,-1)),((G,107) <-> (.,-1)),((C,108) <-> (.,-1)),((C,111) <-> (.,-1)),((C,112) <-> (.,-1)),((U,113) <-> (.,-1)),((G,115) <-> (.,-1)),((A,116) <-> (.,-1)),((G,117) <-> (.,-1)),((C,118) <-> (.,-1)),((A,119) <-> (.,-1)),((A,120) <-> (.,-1)),((A,121) <-> (.,-1)),((C,122) <-> (.,-1)),((A,123) <-> (.,-1)),((A,124) <-> (.,-1)),((A,125) <-> (.,-1)),((U,129) <-> (.,-1)),((U,136) <-> (.,-1)),((G,137) <-> (.,-1)),((C,138) <-> (.,-1)),((C,144) <-> (.,-1)),((C,145) <-> (G,242)),((C,146) <-> (G,241)),((G,147) <-> (C,240)),((A,148) <-> (U,239)),((A,149) <-> (.,-1)),((C,150) <-> (.,-1)),((C,151) <-> (.,-1)),((C,152) <-> (G,233)),((C,153) <-> (G,232)),((G,154) <-> (C,231)),((C,155) <-> (G,230)),((C,156) <-> (.,-1)),((U,157) <-> (.,-1)),((G,158) <-> (.,-1)),((G,159) <-> (.,-1)),((A,160) <-> (.,-1)),((G,161) <-> (C,229)),((G,162) <-> (C,228)),((C,163) <-> (G,227)),((C,164) <-> (G,208)),((G,165) <-> (.,-1)),((C,166) <-> (G,206)),((G,167) <-> (C,205)),((G,168) <-> (C,204)),((U,169) <-> (A,203)),((C,170) <-> (.,-1)),((G,171) <-> (C,202)),((G,172) <-> (C,201)),((C,173) <-> (G,200)),((C,174) <-> (.,-1)),((C,175) <-> (.,-1)),((G,176) <-> (C,196)),((G,177) <-> (C,195)),((G,178) <-> (C,194)),((G,179) <-> (C,192)),((C,180) <-> (G,191)),((U,181) <-> (G,190)),((U,182) <-> (A,189)),((C,183) <-> (G,188)),((U,184) <-> (.,-1)),((C,185) <-> (.,-1)),((C,186) <-> (.,-1)),((G,187) <-> (.,-1)),_,((A,193) <-> (.,-1)),((A,197) <-> (.,-1)),((C,198) <-> (.,-1)),((U,199) <-> (.,-1)),((C,207) <-> (.,-1)),((A,209) <-> (.,-1)),((A,210) <-> (.,-1)),((G,211) <-> (C,221)),((A,212) <-> (U,220)),((G,213) <-> (C,219)),((U,214) <-> (.,-1)),((U,215) <-> (.,-1)),((G,216) <-> (.,-1)),((G,217) <-> (.,-1)),((G,218) <-> (.,-1)),((U,222) <-> (.,-1)),((G,223) <-> (.,-1)),((U,224) <-> (.,-1)),((C,225) <-> (.,-1)),((A,226) <-> (.,-1))","((G,0) <-> (C,145)),((G,1) <-> (C,144)),((C,2) <-> (G,143)),((C,3) <-> (G,142)),((A,4) <-> (U,141)),((U,5) <-> (.,-1)),((U,6) <-> (.,-1)),((U,7) <-> (.,-1)),((U,8) <-> (.,-1)),((U,9) <-> (.,-1)),((U,10) <-> (.,-1)),((G,11) <-> (.,-1)),((U,12) <-> (.,-1)),((C,13) <-> (.,-1)),((U,14) <-> (.,-1)),((A,15) <-> (.,-1)),((A,16) <-> (.,-1)),((C,17) <-> (.,-1)),((C,18) <-> (.,-1)),((C,19) <-> (.,-1)),((U,20) <-> (.,-1)),((A,21) <-> (.,-1)),((A,22) <-> (.,-1)),((C,23) <-> (.,-1)),((U,24) <-> (.,-1)),((G,25) <-> (.,-1)),((A,26) <-> (.,-1)),((G,27) <-> (.,-1)),((A,28) <-> (.,-1)),((A,29) <-> (.,-1)),((G,30) <-> (.,-1)),((G,31) <-> (C,112)),((G,32) <-> (C,111)),((C,33) <-> (G,110)),((G,34) <-> (C,109)),((U,35) <-> (G,107)),((A,36) <-> (.,-1)),((G,37) <-> (C,105)),((G,38) <-> (C,104)),((C,39) <-> (G,103)),((G,40) <-> (.,-1)),((C,41) <-> (G,102)),((C,42) <-> (.,-1)),((G,43) <-> (C,99)),((U,44) <-> (.,-1)),((G,45) <-> (.,-1)),((C,46) <-> (G,97)),((U,47) <-> (A,96)),((U,48) <-> (A,95)),((U,49) <-> (A,94)),((U,50) <-> (A,93)),((G,51) <-> (.,-1)),((C,52) <-> (.,-1)),((U,53) <-> (.,-1)),((C,54) <-> (.,-1)),((C,55) <-> (.,-1)),((C,56) <-> (G,92)),((C,57) <-> (G,91)),((G,58) <-> (C,90)),((C,59) <-> (G,89)),((G,60) <-> (.,-1)),((C,61) <-> (G,87)),((G,62) <-> (C,86)),((C,63) <-> (G,85)),((U,64) <-> (A,84)),((G,65) <-> (C,83)),((U,66) <-> (.,-1)),((U,67) <-> (.,-1)),((U,68) <-> (.,-1)),((U,69) <-> (.,-1)),((U,70) <-> (.,-1)),((C,71) <-> (.,-1)),((U,72) <-> (.,-1)),((C,73) <-> (G,139)),((G,74) <-> (C,137)),((C,75) <-> (G,136)),((U,76) <-> (A,135)),((G,77) <-> (C,134)),((A,78) <-> (U,133)),((C,79) <-> (G,132)),((U,80) <-> (.,-1)),((U,81) <-> (.,-1)),((U,82) <-> (.,-1)),_,((G,88) <-> (.,-1)),_,_,((C,98) <-> (.,-1)),((U,100) <-> (.,-1)),((C,101) <-> (.,-1)),((U,106) <-> (.,-1)),((C,108) <-> (.,-1)),((U,113) <-> (.,-1)),((U,114) <-> (.,-1)),((C,115) <-> (.,-1)),((C,116) <-> (.,-1)),_,_,((G,117) <-> (.,-1)),((A,118) <-> (.,-1)),((G,119) <-> (.,-1)),((C,120) <-> (.,-1)),((A,121) <-> (.,-1)),((A,122) <-> (.,-1)),((A,123) <-> (.,-1)),((C,124) <-> (.,-1)),((A,125) <-> (.,-1)),((A,126) <-> (.,-1)),((A,127) <-> (.,-1)),((A,128) <-> (.,-1)),((A,129) <-> (.,-1)),_,_,_,_,_,_,_,((A,130) <-> (.,-1)),((U,131) <-> (.,-1)),((U,138) <-> (.,-1)),_,_,_,_,((C,140) <-> (.,-1)),_,((G,146) <-> (.,-1)),_,((A,147) <-> (.,-1)),((G,148) <-> (C,216)),((G,149) <-> (C,215)),((C,150) <-> (G,214)),((C,151) <-> (.,-1)),((G,152) <-> (C,194)),((C,153) <-> (G,193)),((G,154) <-> (C,192)),((G,155) <-> (C,191)),((U,156) <-> (A,190)),((C,157) <-> (.,-1)),((G,158) <-> (C,189)),((G,159) <-> (C,188)),((C,160) <-> (G,187)),((C,161) <-> (.,-1)),((C,162) <-> (.,-1)),((G,163) <-> (C,183)),((G,164) <-> (C,182)),((G,165) <-> (C,181)),((G,166) <-> (C,179)),((C,167) <-> (G,178)),((U,168) <-> (G,177)),((U,169) <-> (.,-1)),((C,170) <-> (G,175)),((U,171) <-> (.,-1)),((C,172) <-> (.,-1)),((C,173) <-> (.,-1)),((G,174) <-> (.,-1)),((A,176) <-> (.,-1)),((A,180) <-> (.,-1)),((A,184) <-> (.,-1)),((C,185) <-> (.,-1)),((U,186) <-> (.,-1)),((G,195) <-> (.,-1)),((A,196) <-> (.,-1)),((A,197) <-> (U,209)),((G,198) <-> (.,-1)),((A,199) <-> (U,207)),((G,200) <-> (C,206)),((U,201) <-> (.,-1)),((U,202) <-> (.,-1)),((G,203) <-> (.,-1)),((G,204) <-> (.,-1)),((G,205) <-> (.,-1)),((C,208) <-> (.,-1)),((G,210) <-> (.,-1)),((U,211) <-> (.,-1)),((C,212) <-> (.,-1)),((A,213) <-> (.,-1))"
7trf_Telomerase.bpseq.db.txt,79,"((G,0) <-> (C,143)),((G,1) <-> (C,142)),((C,2) <-> (G,141)),((C,3) <-> (G,140)),((A,4) <-> (U,139)),((U,5) <-> (.,-1)),((U,6) <-> (.,-1)),((U,7) <-> (.,-1)),((U,8) <-> (.,-1)),((U,9) <-> (.,-1)),((U,10) <-> (.,-1)),((G,11) <-> (.,-1)),((U,12) <-> (.,-1)),((C,13) <-> (.,-1)),((U,14) <-> (.,-1)),((A,15) <-> (.,-1)),((A,16) <-> (.,-1)),((C,17) <-> (.,-1)),((C,18) <-> (.,-1)),((C,19) <-> (.,-1)),((U,20) <-> (.,-1)),((A,21) <-> (.,-1)),((A,22) <-> (.,-1)),((C,23) <-> (.,-1)),((U,24) <-> (.,-1)),((G,25) <-> (.,-1)),((A,26) <-> (.,-1)),((G,27) <-> (.,-1)),((A,28) <-> (.,-1)),((A,29) <-> (U,114)),((G,30) <-> (.,-1)),((G,31) <-> (.,-1)),((G,32) <-> (.,-1)),((C,33) <-> (G,110)),((G,34) <-> (C,109)),((U,35) <-> (.,-1)),((A,36) <-> (U,106)),((G,37) <-> (C,105)),((G,38) <-> (C,104)),((C,39) <-> (G,103)),((G,40) <-> (U,100)),((C,41) <-> (.,-1)),((C,42) <-> (.,-1)),((G,43) <-> (.,-1)),((U,44) <-> (.,-1)),((G,45) <-> (C,98)),((C,46) <-> (G,97)),((U,47) <-> (A,96)),((U,48) <-> (A,95)),((U,49) <-> (A,94)),((U,50) <-> (A,93)),((G,51) <-> (.,-1)),((C,52) <-> (.,-1)),((U,53) <-> (.,-1)),((C,54) <-> (.,-1)),((C,55) <-> (.,-1)),((C,56) <-> (G,92)),((C,57) <-> (.,-1)),((G,58) <-> (.,-1)),((C,59) <-> (.,-1)),((G,60) <-> (.,-1)),((C,61) <-> (.,-1)),((G,62) <-> (.,-1)),((C,63) <-> (G,85)),((U,64) <-> (A,84)),((G,65) <-> (C,83)),((U,66) <-> (.,-1)),((U,67) <-> (.,-1)),((U,68) <-> (.,-1)),((U,69) <-> (.,-1)),((U,70) <-> (.,-1)),((C,71) <-> (.,-1)),((U,72) <-> (.,-1)),((C,73) <-> (.,-1)),((G,74) <-> (C,135)),((C,75) <-> (G,134)),((U,76) <-> (A,133)),((G,77) <-> (C,132)),((A,78) <-> (U,131)),((C,79) <-> (G,130)),((U,80) <-> (A,128)),((U,81) <-> (A,127)),((U,82) <-> (A,126)),((C,86) <-> (.,-1)),((G,87) <-> (.,-1)),((G,88) <-> (.,-1)),((G,89) <-> (.,-1)),((C,90) <-> (.,-1)),((G,91) <-> (.,-1)),((C,99) <-> (.,-1)),((C,101) <-> (.,-1)),((G,102) <-> (.,-1)),((G,107) <-> (.,-1)),((C,108) <-> (.,-1)),((C,111) <-> (.,-1)),((C,112) <-> (.,-1)),((U,113) <-> (.,-1)),((G,115) <-> (.,-1)),((A,116) <-> (.,-1)),((G,117) <-> (.,-1)),((C,118) <-> (.,-1)),((A,119) <-> (.,-1)),((A,120) <-> (.,-1)),((A,121) <-> (.,-1)),((C,122) <-> (.,-1)),_,_,((A,123) <-> (.,-1)),((A,124) <-> (.,-1)),((A,125) <-> (.,-1)),((U,129) <-> (.,-1)),((U,136) <-> (.,-1)),((G,137) <-> (.,-1)),((C,138) <-> (.,-1)),((C,144) <-> (.,-1)),((C,145) <-> (G,242)),((C,146) <-> (G,241)),((G,147) <-> (C,240)),((A,148) <-> (U,239)),((A,149) <-> (.,-1)),((C,150) <-> (.,-1)),((C,151) <-> (.,-1)),((C,152) <-> (G,233)),((C,153) <-> (G,232)),((G,154) <-> (C,231)),((C,155) <-> (G,230)),((C,156) <-> (.,-1)),((U,157) <-> (.,-1)),((G,158) <-> (.,-1)),((G,159) <-> (.,-1)),((A,160) <-> (.,-1)),((G,161) <-> (C,229)),((G,162) <-> (C,228)),((C,163) <-> (G,227)),((C,164) <-> (G,208)),((G,165) <-> (.,-1)),((C,166) <-> (G,206)),((G,167) <-> (C,205)),((G,168) <-> (C,204)),((U,169) <-> (A,203)),((C,170) <-> (.,-1)),((G,171) <-> (C,202)),((G,172) <-> (C,201)),((C,173) <-> (G,200)),((C,174) <-> (.,-1)),((C,175) <-> (.,-1)),((G,176) <-> (C,196)),((G,177) <-> (C,195)),((G,178) <-> (C,194)),((G,179) <-> (C,192)),((C,180) <-> (G,191)),((U,181) <-> (G,190)),((U,182) <-> (A,189)),((C,183) <-> (G,188)),((U,184) <-> (.,-1)),((C,185) <-> (.,-1)),((C,186) <-> (.,-1)),((G,187) <-> (.,-1)),_,((A,193) <-> (.,-1)),((A,197) <-> (.,-1)),((C,198) <-> (.,-1)),((U,199) <-> (.,-1)),((C,207) <-> (.,-1)),((A,209) <-> (.,-1)),((A,210) <-> (.,-1)),((G,211) <-> (C,221)),((A,212) <-> (U,220)),((G,213) <-> (C,219)),((U,214) <-> (.,-1)),((U,215) <-> (.,-1)),((G,216) <-> (.,-1)),((G,217) <-> (.,-1)),((G,218) <-> (.,-1)),((U,222) <-> (.,-1)),((G,223) <-> (.,-1)),((U,224) <-> (.,-1)),((C,225) <-> (.,-1)),((A,226) <-> (.,-1))","((G,0) <-> (C,145)),((G,1) <-> (C,144)),((C,2) <-> (G,143)),((C,3) <-> (G,142)),((A,4) <-> (U,141)),((U,5) <-> (.,-1)),((U,6) <-> (.,-1)),((U,7) <-> (.,-1)),((U,8) <-> (.,-1)),((U,9) <-> (.,-1)),((U,10) <-> (.,-1)),((G,11) <-> (.,-1)),((U,12) <-> (.,-1)),((C,13) <-> (.,-1)),((U,14) <-> (.,-1)),((A,15) <-> (.,-1)),((A,16) <-> (.,-1)),((C,17) <-> (.,-1)),((C,18) <-> (.,-1)),((C,19) <-> (.,-1)),((U,20) <-> (.,-1)),((A,21) <-> (.,-1)),((A,22) <-> (.,-1)),((C,23) <-> (.,-1)),((U,24) <-> (.,-1)),((G,25) <-> (.,-1)),((A,26) <-> (.,-1)),((G,27) <-> (.,-1)),((A,28) <-> (.,-1)),((A,29) <-> (.,-1)),((G,30) <-> (.,-1)),((G,31) <-> (C,112)),((G,32) <-> (C,111)),((C,33) <-> (G,110)),((G,34) <-> (C,109)),((U,35) <-> (G,107)),((A,36) <-> (U,106)),((G,37) <-> (C,105)),((G,38) <-> (C,104)),((C,39) <-> (G,103)),((G,40) <-> (.,-1)),((C,41) <-> (G,102)),((C,42) <-> (.,-1)),((G,43) <-> (C,99)),((U,44) <-> (.,-1)),((G,45) <-> (.,-1)),((C,46) <-> (G,97)),((U,47) <-> (A,96)),((U,48) <-> (A,95)),((U,49) <-> (A,94)),((U,50) <-> (A,93)),((G,51) <-> (.,-1)),((C,52) <-> (.,-1)),((U,53) <-> (.,-1)),((C,54) <-> (.,-1)),((C,55) <-> (.,-1)),((C,56) <-> (G,92)),((C,57) <-> (G,91)),((G,58) <-> (C,90)),((C,59) <-> (G,89)),((G,60) <-> (.,-1)),((C,61) <-> (G,87)),((G,62) <-> (C,86)),((C,63) <-> (G,85)),((U,64) <-> (A,84)),((G,65) <-> (C,83)),((U,66) <-> (.,-1)),((U,67) <-> (.,-1)),((U,68) <-> (.,-1)),((U,69) <-> (.,-1)),((U,70) <-> (.,-1)),((C,71) <-> (.,-1)),((U,72) <-> (.,-1)),((C,73) <-> (G,139)),((G,74) <-> (C,137)),((C,75) <-> (G,136)),((U,76) <-> (A,135)),((G,77) <-> (C,134)),((A,78) <-> (U,133)),((C,79) <-> (G,132)),((U,80) <-> (.,-1)),((U,81) <-> (.,-1)),((U,82) <-> (A,128)),_,((G,88) <-> (.,-1)),_,_,((C,98) <-> (.,-1)),((U,100) <-> (.,-1)),((C,101) <-> (.,-1)),((C,108) <-> (.,-1)),((U,113) <-> (.,-1)),((U,114) <-> (.,-1)),((C,115) <-> (.,-1)),((C,116) <-> (.,-1)),_,_,((G,117) <-> (.,-1)),((A,118) <-> (.,-1)),((G,119) <-> (.,-1)),((C,120) <-> (.,-1)),((A,121) <-> (.,-1)),((A,122) <-> (.,-1)),((A,123) <-> (.,-1)),((C,124) <-> (.,-1)),((A,125) <-> (.,-1)),((A,126) <-> (.,-1)),((A,127) <-> (.,-1)),((A,129) <-> (.,-1)),((A,130) <-> (.,-1)),((U,131) <-> (.,-1)),((U,138) <-> (.,-1)),_,((C,140) <-> (.,-1)),((G,146) <-> (.,-1)),((A,147) <-> (.,-1)),_,((G,148) <-> (C,216)),_,_,_,_,_,_,((G,149) <-> (C,215)),((C,150) <-> (G,214)),((C,151) <-> (.,-1)),_,_,_,_,((G,152) <-> (C,194)),_,((C,153) <-> (G,193)),_,_,_,((G,154) <-> (C,192)),((G,155) <-> (C,191)),((U,156) <-> (A,190)),((C,157) <-> (.,-1)),((G,158) <-> (C,189)),((G,159) <-> (C,188)),((C,160) <-> (G,187)),((C,161) <-> (.,-1)),((C,162) <-> (.,-1)),((G,163) <-> (C,183)),((G,164) <-> (C,182)),((G,165) <-> (C,181)),((G,166) <-> (C,179)),((C,167) <-> (G,178)),((U,168) <-> (G,177)),((U,169) <-> (.,-1)),((C,170) <-> (G,175)),((U,171) <-> (.,-1)),((C,172) <-> (.,-1)),((C,173) <-> (.,-1)),((G,174) <-> (.,-1)),((A,176) <-> (.,-1)),((A,180) <-> (.,-1)),((A,184) <-> (.,-1)),((C,185) <-> (.,-1)),((U,186) <-> (.,-1)),((G,195) <-> (.,-1)),((A,196) <-> (.,-1)),((A,197) <-> (U,209)),((G,198) <-> (.,-1)),((A,199) <-> (U,207)),((G,200) <-> (C,206)),((U,201) <-> (.,-1)),((U,202) <-> (.,-1)),((G,203) <-> (.,-1)),((G,204) <-> (.,-1)),((G,205) <-> (.,-1)),((C,208) <-> (.,-1)),((G,210) <-> (.,-1)),((U,211) <-> (.,-1)),((C,212) <-> (.,-1)),((A,213) <-> (.,-1))"
7uy5_Telomerase.bpseq.db.txt,7,"((U,12) <-> (.,-1)),((C,13) <-> (.,-1)),((U,14) <-> (.,-1)),((A,15) <-> (.,-1)),((A,16) <-> (.,-1)),((C,17) <-> (.,-1)),((C,18) <-> (.,-1)),((C,19) <-> (.,-1)),((U,20) <-> (.,-1)),((A,21) <-> (.,-1)),((A,22) <-> (.,-1))","((U,38) <-> (.,-1)),((C,39) <-> (.,-1)),_,((A,40) <-> (.,-1)),((A,41) <-> (.,-1)),((C,42) <-> (.,-1)),((C,43) <-> (.,-1)),((C,44) <-> (.,-1)),((C,45) <-> (.,-1)),((A,46) <-> (.,-1)),((A,47) <-> (.,-1))"
7uy6_Telomerase.bpseq.db.txt,7,"((U,12) <-> (.,-1)),((C,13) <-> (.,-1)),((U,14) <-> (.,-1)),((A,15) <-> (.,-1)),((A,16) <-> (.,-1)),((C,17) <-> (.,-1)),((C,18) <-> (.,-1)),((C,19) <-> (.,-1)),((U,20) <-> (.,-1)),((A,21) <-> (.,-1)),((A,22) <-> (.,-1))","((U,38) <-> (.,-1)),((C,39) <-> (.,-1)),_,((A,40) <-> (.,-1)),((A,41) <-> (.,-1)),((C,42) <-> (.,-1)),((C,43) <-> (.,-1)),((C,44) <-> (.,-1)),((C,45) <-> (.,-1)),((A,46) <-> (.,-1)),((A,47) <-> (.,-1))"
7v99_Telomerase.bpseq.db.txt,181,"((G,0) <-> (C,143)),((G,1) <-> (C,142)),((C,2) <-> (G,141)),((C,3) <-> (G,140)),((A,4) <-> (U,139)),((U,5) <-> (.,-1)),((U,6) <-> (.,-1)),((U,7) <-> (.,-1)),((U,8) <-> (.,-1)),((U,9) <-> (.,-1)),((U,10) <-> (.,-1)),((G,11) <-> (.,-1)),((U,12) <-> (.,-1)),((C,13) <-> (.,-1)),((U,14) <-> (.,-1)),((A,15) <-> (.,-1)),((A,16) <-> (.,-1)),((C,17) <-> (.,-1)),((C,18) <-> (.,-1)),((C,19) <-> (.,-1)),((U,20) <-> (.,-1)),((A,21) <-> (.,-1)),((A,22) <-> (.,-1)),((C,23) <-> (.,-1)),((U,24) <-> (.,-1)),((G,25) <-> (.,-1)),((A,26) <-> (.,-1)),((G,27) <-> (.,-1)),((A,28) <-> (.,-1)),((A,29) <-> (U,114)),((G,30) <-> (.,-1)),((G,31) <-> (.,-1)),((G,32) <-> (.,-1)),((C,33) <-> (G,110)),((G,34) <-> (C,109)),((U,35) <-> (.,-1)),((A,36) <-> (U,106)),((G,37) <-> (C,105)),((G,38) <-> (C,104)),((C,39) <-> (G,103)),((G,40) <-> (U,100)),((C,41) <-> (.,-1)),((C,42) <-> (.,-1)),((G,43) <-> (.,-1)),((U,44) <-> (.,-1)),((G,45) <-> (C,98)),((C,46) <-> (G,97)),((U,47) <-> (A,96)),((U,48) <-> (A,95)),((U,49) <-> (A,94)),((U,50) <-> (A,93)),((G,51) <-> (.,-1)),((C,52) <-> (.,-1)),((U,53) <-> (.,-1)),((C,54) <-> (.,-1)),((C,55) <-> (.,-1)),((C,56) <-> (G,92)),((C,57) <-> (.,-1)),((G,58) <-> (.,-1)),((C,59) <-> (.,-1)),((G,60) <-> (.,-1)),((C,61) <-> (.,-1)),((G,62) <-> (.,-1)),((C,63) <-> (G,85)),((U,64) <-> (A,84)),((G,65) <-> (C,83)),((U,66) <-> (.,-1)),((U,67) <-> (.,-1)),((U,68) <-> (.,-1)),((U,69) <-> (.,-1)),((U,70) <-> (.,-1)),((C,71) <-> (.,-1)),((U,72) <-> (.,-1)),((C,73) <-> (.,-1)),((G,74) <-> (C,135)),((C,75) <-> (G,134)),((U,76) <-> (A,133)),((G,77) <-> (C,132)),((A,78) <-> (U,131)),((C,79) <-> (G,130)),((U,80) <-> (A,128)),((U,81) <-> (A,127)),((U,82) <-> (A,126)),((C,86) <-> (.,-1)),((G,87) <-> (.,-1)),((G,88) <-> (.,-1)),((G,89) <-> (.,-1)),((C,90) <-> (.,-1)),((G,91) <-> (.,-1)),((C,99) <-> (.,-1)),((C,101) <-> (.,-1)),((G,102) <-> (.,-1)),((G,107) <-> (.,-1)),((C,108) <-> (.,-1)),((C,111) <-> (.,-1)),((C,112) <-> (.,-1)),((U,113) <-> (.,-1)),((G,115) <-> (.,-1)),((A,116) <-> (.,-1)),((G,117) <-> (.,-1)),((C,118) <-> (.,-1)),((A,119) <-> (.,-1)),((A,120) <-> (.,-1)),((A,121) <-> (.,-1)),((C,122) <-> (.,-1)),((A,123) <-> (.,-1)),((A,124) <-> (.,-1)),((A,125) <-> (.,-1)),((U,129) <-> (.,-1)),((U,136) <-> (.,-1)),((G,137) <-> (.,-1)),((C,138) <-> (.,-1)),((C,144) <-> (.,-1)),((C,145) <-> (G,242)),((C,146) <-> (G,241)),((G,147) <-> (C,240)),((A,148) <-> (U,239)),((A,149) <-> (.,-1)),((C,150) <-> (.,-1)),((C,151) <-> (.,-1)),((C,152) <-> (G,233)),((C,153) <-> (G,232)),((G,154) <-> (C,231)),((C,155) <-> (G,230)),((C,156) <-> (.,-1)),((U,157) <-> (.,-1)),((G,158) <-> (.,-1)),((G,159) <-> (.,-1)),((A,160) <-> (.,-1)),((G,161) <-> (C,229)),((G,162) <-> (C,228)),((C,163) <-> (G,227)),((C,164) <-> (G,208)),((G,165) <-> (.,-1)),((C,166) <-> (G,206)),((G,167) <-> (C,205)),((G,168) <-> (C,204)),((U,169) <-> (A,203)),((C,170) <-> (.,-1)),((G,171) <-> (C,202)),((G,172) <-> (C,201)),((C,173) <-> (G,200)),((C,174) <-> (.,-1)),((C,175) <-> (.,-1)),((G,176) <-> (C,196)),((G,177) <-> (C,195)),((G,178) <-> (C,194)),((G,179) <-> (C,192)),((C,180) <-> (G,191)),((U,181) <-> (G,190)),((U,182) <-> (A,189)),((C,183) <-> (G,188)),((U,184) <-> (.,-1)),((C,185) <-> (.,-1)),((C,186) <-> (.,-1)),((G,187) <-> (.,-1)),((A,193) <-> (.,-1)),((A,197) <-> (.,-1)),((C,198) <-> (.,-1)),((U,199) <-> (.,-1)),((C,207) <-> (.,-1)),((A,209) <-> (.,-1)),((A,210) <-> (.,-1)),((G,211) <-> (C,221)),((A,212) <-> (U,220)),((G,213) <-> (C,219)),((U,214) <-> (.,-1)),((U,215) <-> (.,-1)),((G,216) <-> (.,-1)),((G,217) <-> (.,-1)),((G,218) <-> (.,-1)),((U,222) <-> (.,-1)),((G,223) <-> (.,-1)),((U,224) <-> (.,-1)),((C,225) <-> (.,-1)),((A,226) <-> (.,-1)),((G,234) <-> (.,-1)),((U,235) <-> (.,-1)),((C,236) <-> (.,-1)),((U,237) <-> (.,-1)),((C,238) <-> (.,-1))","((G,0) <-> (C,143)),((G,1) <-> (C,142)),((C,2) <-> (G,141)),((C,3) <-> (G,140)),((A,4) <-> (U,139)),((U,5) <-> (.,-1)),((U,6) <-> (.,-1)),((U,7) <-> (.,-1)),((U,8) <-> (.,-1)),((U,9) <-> (.,-1)),((U,10) <-> (.,-1)),((G,11) <-> (.,-1)),((U,12) <-> (.,-1)),((C,13) <-> (.,-1)),((U,14) <-> (.,-1)),((A,15) <-> (.,-1)),((A,16) <-> (.,-1)),((C,17) <-> (.,-1)),((C,18) <-> (.,-1)),((C,19) <-> (.,-1)),((U,20) <-> (.,-1)),((A,21) <-> (.,-1)),((A,22) <-> (.,-1)),((C,23) <-> (.,-1)),((U,24) <-> (.,-1)),((G,25) <-> (.,-1)),((A,26) <-> (.,-1)),((G,27) <-> (.,-1)),((A,28) <-> (.,-1)),((A,29) <-> (U,114)),((G,30) <-> (.,-1)),((G,31) <-> (.,-1)),((G,32) <-> (.,-1)),((C,33) <-> (G,110)),((G,34) <-> (C,109)),((U,35) <-> (.,-1)),((A,36) <-> (U,106)),((G,37) <-> (C,105)),((G,38) <-> (C,104)),((C,39) <-> (G,103)),((G,40) <-> (U,100)),((C,41) <-> (.,-1)),((C,42) <-> (.,-1)),((G,43) <-> (.,-1)),((U,44) <-> (.,-1)),((G,45) <-> (C,98)),((C,46) <-> (G,97)),((U,47) <-> (A,96)),((U,48) <-> (A,95)),((U,49) <-> (A,94)),((U,50) <-> (A,93)),((G,51) <-> (.,-1)),((C,52) <-> (.,-1)),((U,53) <-> (.,-1)),((C,54) <-> (.,-1)),((C,55) <-> (.,-1)),((C,56) <-> (G,92)),((C,57) <-> (.,-1)),((G,58) <-> (.,-1)),((C,59) <-> (.,-1)),((G,60) <-> (.,-1)),((C,61) <-> (.,-1)),((G,62) <-> (.,-1)),((C,63) <-> (G,85)),((U,64) <-> (A,84)),((G,65) <-> (C,83)),((U,66) <-> (.,-1)),((U,67) <-> (.,-1)),((U,68) <-> (.,-1)),((U,69) <-> (.,-1)),((U,70) <-> (.,-1)),((C,71) <-> (.,-1)),((U,72) <-> (.,-1)),((C,73) <-> (.,-1)),((G,74) <-> (C,135)),((C,75) <-> (G,134)),((U,76) <-> (A,133)),((G,77) <-> (C,132)),((A,78) <-> (U,131)),((C,79) <-> (G,130)),((U,80) <-> (A,128)),((U,81) <-> (A,127)),((U,82) <-> (A,126)),((C,86) <-> (.,-1)),((G,87) <-> (.,-1)),((G,88) <-> (.,-1)),((G,89) <-> (.,-1)),((C,90) <-> (.,-1)),((G,91) <-> (.,-1)),((C,99) <-> (.,-1)),((C,101) <-> (.,-1)),((G,102) <-> (.,-1)),((G,107) <-> (.,-1)),((C,108) <-> (.,-1)),((C,111) <-> (.,-1)),((C,112) <-> (.,-1)),((U,113) <-> (.,-1)),((G,115) <-> (.,-1)),((A,116) <-> (.,-1)),((G,117) <-> (.,-1)),((C,118) <-> (.,-1)),((A,119) <-> (.,-1)),((A,120) <-> (.,-1)),((A,121) <-> (.,-1)),((C,122) <-> (.,-1)),((A,123) <-> (.,-1)),((A,124) <-> (.,-1)),((A,125) <-> (.,-1)),((U,129) <-> (.,-1)),((U,136) <-> (.,-1)),((G,137) <-> (.,-1)),((C,138) <-> (.,-1)),((C,144) <-> (.,-1)),((C,145) <-> (G,242)),((C,146) <-> (G,241)),((G,147) <-> (C,240)),((A,148) <-> (U,239)),((A,149) <-> (.,-1)),((C,150) <-> (.,-1)),((C,151) <-> (.,-1)),((C,152) <-> (G,233)),((C,153) <-> (G,232)),((G,154) <-> (C,231)),((C,155) <-> (G,230)),((C,156) <-> (.,-1)),((U,157) <-> (.,-1)),((G,158) <-> (.,-1)),((G,159) <-> (.,-1)),((A,160) <-> (.,-1)),((G,161) <-> (C,229)),((G,162) <-> (C,228)),((C,163) <-> (G,227)),((C,164) <-> (G,208)),((G,165) <-> (.,-1)),((C,166) <-> (G,206)),((G,167) <-> (C,205)),((G,168) <-> (C,204)),((U,169) <-> (A,203)),((C,170) <-> (.,-1)),((G,171) <-> (C,202)),((G,172) <-> (C,201)),((C,173) <-> (G,200)),((C,174) <-> (.,-1)),((C,175) <-> (.,-1)),((G,176) <-> (C,196)),((G,177) <-> (C,195)),((G,178) <-> (C,194)),((G,179) <-> (C,192)),((C,180) <-> (G,191)),((U,181) <-> (G,190)),((U,182) <-> (A,189)),((C,183) <-> (G,188)),((U,184) <-> (.,-1)),((C,185) <-> (.,-1)),((C,186) <-> (.,-1)),((G,187) <-> (.,-1)),((A,193) <-> (.,-1)),((A,197) <-> (.,-1)),((C,198) <-> (.,-1)),((U,199) <-> (.,-1)),((C,207) <-> (.,-1)),((A,209) <-> (.,-1)),((A,210) <-> (.,-1)),((G,211) <-> (C,221)),((A,212) <-> (U,220)),((G,213) <-> (C,219)),((U,214) <-> (.,-1)),((U,215) <-> (.,-1)),((G,216) <-> (.,-1)),((G,217) <-> (.,-1)),((G,218) <-> (.,-1)),((U,222) <-> (.,-1)),((G,223) <-> (.,-1)),((U,224) <-> (.,-1)),((C,225) <-> (.,-1)),((A,226) <-> (.,-1)),((G,234) <-> (.,-1)),((U,235) <-> (.,-1)),((C,236) <-> (.,-1)),((U,237) <-> (.,-1)),((C,238) <-> (.,-1))"
7v9a_Telomerase.bpseq.db.txt,8,"((U,10) <-> (.,-1)),((G,11) <-> (.,-1)),((U,12) <-> (.,-1)),((C,13) <-> (.,-1)),_,((U,14) <-> (.,-1)),((A,15) <-> (.,-1)),((A,16) <-> (.,-1)),((C,17) <-> (.,-1)),((C,18) <-> (.,-1)),_,((C,19) <-> (.,-1)),((U,20) <-> (.,-1)),((A,21) <-> (.,-1)),_,((A,22) <-> (.,-1)),((C,23) <-> (.,-1)),_,((U,24) <-> (.,-1)),((G,25) <-> (.,-1))","((U,110) <-> (.,-1)),((G,111) <-> (.,-1)),((U,112) <-> (.,-1)),((C,117) <-> (.,-1)),((G,118) <-> (.,-1)),((U,119) <-> (.,-1)),((C,121) <-> (.,-1)),((A,122) <-> (.,-1)),((C,124) <-> (.,-1)),((C,125) <-> (.,-1)),((A,126) <-> (.,-1)),((C,132) <-> (.,-1)),((G,133) <-> (.,-1)),((A,138) <-> (.,-1)),((C,139) <-> (.,-1)),((A,140) <-> (.,-1)),((C,141) <-> (.,-1)),((A,142) <-> (.,-1)),((U,143) <-> (.,-1)),((G,144) <-> (.,-1))"
8gap_Telomerase.bpseq.db.txt,7,"((U,12) <-> (.,-1)),((C,13) <-> (.,-1)),((U,14) <-> (.,-1)),((A,15) <-> (.,-1)),((A,16) <-> (.,-1)),((C,17) <-> (.,-1)),((C,18) <-> (.,-1)),((C,19) <-> (.,-1)),((U,20) <-> (.,-1)),((A,21) <-> (.,-1)),((A,22) <-> (.,-1))","((U,41) <-> (.,-1)),((C,42) <-> (.,-1)),_,((A,43) <-> (.,-1)),((A,44) <-> (.,-1)),((C,45) <-> (.,-1)),((C,46) <-> (.,-1)),((C,47) <-> (.,-1)),((C,48) <-> (.,-1)),((A,49) <-> (.,-1)),((A,50) <-> (.,-1))"
